index,teruglevering,teruglevering_int_1,teruglevering_sc,teruglevering_int_1_sc,temp_sc,zonneschijn_sc,sin365_1,cos365_1,sin365_2,cos365_2,sin365_3,cos365_3
2021-05-29,20.0,20.0,1.526238602124232,1.6481415031345603,0.2740873920704803,0.6496399480956873,0.5467112728685939,-0.8373211953118121,-0.9155458729775467,0.40221356823680365,0.9865006565801178,0.1637573038584739
2021-05-28,24.999999999999545,24.999999999999545,2.1896489130087016,2.3471765259232016,0.35498458438924463,1.9398845181661202,0.5610336262283677,-0.8277930117131022,-0.9288394302558068,0.3704825404820963,0.9767399525103048,0.21442729576751102
2021-05-27,9.0,9.0,0.0667359181782654,0.1102644529994091,0.16083132282421012,-0.33701766431111446,0.5751899607119775,-0.8180198708443174,-0.9410336347451197,0.3383130181923076,0.9643784639967451,0.264526327951073
2021-05-26,11.0,11.0,0.33210004253207753,0.38987846211489113,0.16083132282421012,0.11836277218433248,0.5891760872322963,-0.8080046647350754,-0.9521140536681102,0.3057430764672831,0.9494491062150135,0.31392100074304014
2021-05-25,13.0,13.0,0.5974641668858897,0.6694924712303731,0.09611356896919862,-0.2611209248952066,0.6029878670694714,-0.7977503570459932,-0.9620675724981452,0.27281126433401914,0.9319916318560635,0.36247978998872715
2021-05-24,7.0,7.0,-0.19862820617554672,-0.16934955611607294,0.2740873920704803,-0.8429959270838333,0.6166212130956382,-0.7872599821916922,-0.9708824104813836,0.23955655912092708,0.912052525275964,0.41007339725680436
2021-05-23,9.0,9.0,0.0667359181782654,0.1102644529994091,0.16083132282421012,-0.33701766431111446,0.6300720909843687,-0.7765366444428655,-0.9785481345802031,0.20601832032517084,0.8896848787211044,0.4565750941247384
2021-05-22,8.0,8.0,-0.06594614399864067,-0.02954255155833192,0.07993413050544575,-0.9694904927770129,0.6433365204044917,-0.765583517007675,-0.9850556718215013,0.172236243027682,0.8649482509584342,0.5018610596210326
2021-05-21,14.0,14.0,0.7301462290627957,0.8092994757881141,0.46824065363551476,0.750835600650231,0.6564105761979381,-0.7544038410927472,-0.9903973200352558,0.1382503109109819,0.8379085086871813,0.545810709925725
2021-05-20,17.0,17.0,1.128192415593514,1.2287204894613373,0.35498458438924463,0.09306385904569654,0.6692903895412567,-0.7430009249440493,-0.9945667569706337,0.1041007489354256,0.8086376511543126,0.5883070194512693
2021-05-19,7.0,7.0,-0.19862820617554672,-0.16934955611607294,0.015216376650434241,-0.5647078825588379,0.6819721490904629,-0.7313781428679254,-0.9975590477788613,0.06982797572987089,0.7772136184407363,0.6292368324488463
2021-05-18,22.0,22.0,1.791602726478044,1.9277555122500423,0.12847244589670437,1.0038247320365905,0.6944521021088763,-0.719538934232584,-0.9993706508539969,0.03547255575312556,0.7437200839287408,0.6684911643103645
2021-05-17,9.0,9.0,0.0667359181782654,0.1102644529994091,0.177010761287963,-0.539408969420202,0.7067265555776158,-0.7074868024503348,-0.9999994220246925,0.001075151282798226,0.7082462315032488,0.7059654917639009
2021-05-16,7.0,7.0,-0.19862820617554672,-0.16934955611607294,0.06375469204169287,-0.6406046219747458,0.7187918772884232,-0.6952253139408722,-0.9994446170919858,-0.033323525711631344,0.6708865180801582,0.7415600311898435
2021-05-15,10.0,10.0,0.19941798035517144,0.2500714575571501,0.06375469204169287,-0.8682948402224692,0.7306444969184916,-0.6827580970759147,-0.9977068927101168,-0.06768276175455162,0.6317404220940747,0.7751800043166751
2021-05-14,10.0,10.0,0.19941798035517144,0.2500714575571501,-0.049501377204577264,0.21955842473887624,0.742280907086982,-0.6700888411055113,-0.994788305609327,-0.10196189005174576,0.5909121786151564,0.8067358905889147
2021-05-13,23.0,23.0,1.9242847886549501,2.0675625168077834,0.4520612151717619,1.7121942999183968,0.753697664392914,-0.6572212950663319,-0.9906923101615609,-0.13612033862266704,0.5485105018003605,0.8361436655352457
2021-05-12,19.0,19.0,1.393556539947326,1.5083344985768192,0.3873434613167504,1.4592051685320373,0.7648913904341225,-0.6441592666722685,-0.9854237542919524,-0.17011767832049052,0.5046482954181526,0.8633250245021008
2021-05-11,7.0,7.0,-0.19862820617554672,-0.16934955611607294,0.5491378459542792,-0.7670991876679254,0.7758587728069828,-0.6309066211876704,-0.9789888737409319,-0.20391367068311472,0.459442352217446,0.8882075911569887
2021-05-10,12.0,12.0,0.46478210470898357,0.5296854666726322,0.8889060536930895,-0.3117187511724785,0.7865965660866021,-0.6174672802835514,-0.97139528468375,-0.23746831555846842,0.4130130429412807,0.9107251102063585
2021-05-09,11.0,11.0,0.33210004253207753,0.38987846211489113,1.3581097691419228,0.42194972984796375,0.7971015927871943,-0.6038452208771035,-0.9626519747161487,-0.2707418984477642,0.3654839958133118,0.9308176238148561
2021-05-08,5.0,5.0,-0.46399233052935884,-0.44896356523155495,0.04757525357793999,-0.9188926664997411,0.8073707443023492,-0.5900444739548627,-0.9527692922168511,-0.30369503751065885,0.31698176735052785,0.9484316312562208
2021-05-07,25.0,25.0,2.189648913008762,2.3471765259232655,-0.4216284618708934,2.041080170720664,0.8174009818249189,-0.5760691233798758,-0.9417589340994617,-0.33628873017668287,0.26763550537876646,0.9635202313707026
2021-05-06,12.0,12.0,0.46478210470898357,0.5296854666726322,-0.4863462157259049,0.29545516415478407,0.8271893372462497,-0.5619233046832195,-0.9296339319682695,-0.3684843993077793,0.21757660514828173,0.9760432474496961
2021-05-05,17.0,17.0,1.128192415593514,1.2287204894613373,-0.4054490234071405,1.4845040816706734,0.8367329140344921,-0.5476112038402312,-0.9164086366943458,-0.4002439388573056,0.16693835946505886,0.9859673342150412
2021-05-04,4.0,4.0,-0.5966743927062649,-0.588770569789296,-0.24365463876961177,-0.38761549058838635,0.8460288880917339,-0.533137056031809,-0.9020987014301837,-0.43152975897147144,0.11585560376947847,0.9932660666081418
2021-05-03,11.0,11.0,0.33210004253207753,0.38987846211489113,-0.03332193874082438,-0.6153057088361098,0.8550745085896932,-0.518505144391157,-0.886721063082993,-0.46230483047981086,0.0644643571073618,0.9979200101524843
2021-05-02,16.0,16.0,0.9955103534166078,1.0889134849035962,-0.3730901464796348,1.4592051685320373,0.8638670987837349,-0.503719798736334,-0.8702939222685674,-0.49253272872205434,0.012901459949419653,0.9999167727021953
2021-05-01,18.0,18.0,1.26087447777042,1.3685274940190781,-0.25983407723336466,1.0797214714524983,0.8724040568049612,-0.48878539428899265,-0.8528367217694595,-0.522177676659508,-0.03869579017652689,0.9992510374388481
2021-04-30,4.0,4.0,-0.5966743927062649,-0.588770569789296,-0.2760135156971175,-1.1971807110247363,0.8806828564301475,-0.47370635037968,-0.8343701235229538,-0.5512045872199277,-0.09019000427034513,0.9959245770286599
2021-04-29,0.0,0.0,-1.1274026414138891,-1.1479985880202601,-0.3730901464796348,-1.1971807110247363,0.8887010478292915,-0.45848712914008766,-0.8149159841660791,-0.5795791048257612,-0.14144406768794202,0.9899462489023779
2021-04-28,20.0,20.0,1.526238602124232,1.6481415031345603,-0.01714250027707151,0.9532269057593186,0.8964562582905575,-0.44313223418263453,-0.7944973291665992,-0.6072676460566135,-0.19232150523909483,0.9813319716704275
2021-04-27,24.0,24.0,2.056966850831856,2.2073695213655244,-0.32455183108837615,2.167574736413844,0.9039461929224011,-0.42764620926777464,-0.7731383255706026,-0.6342374393978054,-0.2426868445825954,0.9701046827361175
2021-04-26,20.0,20.0,1.526238602124232,1.6481415031345603,-0.599602284972175,2.2181725626911155,0.9111686353326631,-0.41203363695942635,-0.7508642533989489,-0.6604565640279754,-0.29240597695107734,0.9562942772197719
2021-04-25,16.0,16.0,0.9955103534166078,1.0889134849035962,-0.5025256541896578,0.11836277218433248,0.9181214482844364,-0.39629913726891813,-0.7277014757264236,-0.6858939875998223,-0.34134651424503615,0.9399375283564133
2021-04-24,19.0,19.0,1.393556539947326,1.5083344985768192,-0.3730901464796348,1.5098029948093092,0.9248025743285089,-0.38044736628785164,-0.7036774074790128,-0.7105196029692745,-0.3893781415452015,0.9210779895789526
2021-04-23,21.0,21.0,1.658920664301138,1.7879485076923012,-0.470166777262152,1.5098029948093092,0.9312100364121947,-0.3644830148102912,-0.6788204829862355,-0.734304263829602,-0.4363729641045924,0.8997658785476209
2021-04-22,14.0,14.0,0.7301462290627957,0.8092994757881141,-0.4378079003346463,0.32075407729342004,0.9373419384643772,-0.3484108069446808,-0.65316012232693,-0.7572198192083127,-0.4822058478963526,0.8760579434344281
2021-04-21,19.0,19.0,1.393556539947326,1.5083344985768192,-0.2921929541608704,0.9785258188979544,0.9431964659565866,-0.33223549871590435,-0.6267266965083301,-0.7792391467859886,-0.5267547528105542,0.8500173118187018
2021-04-20,21.0,21.0,1.658920664301138,1.7879485076923012,0.16083132282421012,1.3833084291161295,0.9487718864399473,-0.31596187665790293,-0.5995514915196489,-0.8003361849976323,-0.5699010576127624,0.8217133225960589
2021-04-19,12.0,12.0,0.46478210470898357,0.5296854666726322,-0.0009630618133186345,0.27015625101614815,0.9540665500578387,-0.2995947563972602,-0.5716666713027052,-0.8204859638785327,-0.6115298757991053,0.7912213413483807
2021-04-18,16.0,16.0,0.9955103534166078,1.0889134849035962,-0.2921929541608704,1.180917124007042,0.9590788900341131,-0.28313898122818354,-0.5431052396834317,-0.8396646346181327,-0.6515303615068021,0.75862255966641
2021-04-17,22.0,22.0,1.791602726478044,1.9277555122500423,-0.470166777262152,2.041080170720664,0.9638074231367307,-0.26659942067929354,-0.5139010013093103,-0.8578494977869301,-0.6897960046655887,0.7240037789593305
2021-04-16,24.0,24.0,2.056966850831856,2.2073695213655244,-0.5187050926534107,1.8386888656115765,0.9682507501166718,-0.2499809690726521,-0.48408852163897587,-0.8750190302029955,-0.7262249146041543,0.6874571793269664
2021-04-15,12.0,12.0,0.46478210470898357,0.5296854666726322,-0.745217231145951,0.8520312532047748,0.9724075561219968,-0.23328854407545518,-0.45370308603134424,-0.8911529104063088,-0.7607200913564104,0.6490800741100398
2021-04-14,14.0,14.0,0.7301462290627957,0.8092994757881141,-0.8261144234647153,1.231514950284314,0.9762766110869321,-0.21652708524481437,-0.4227806579826773,-0.9062320427107697,-0.7931896839451843,0.6089746507720486
2021-04-13,19.0,19.0,1.393556539947326,1.5083344985768192,-0.8261144234647153,1.5098029948093092,0.9798567700958665,-0.1997015525660636,-0.3913578365610259,-0.9202385798054075,-0.8235472349556007,0.5672476988027229
2021-04-12,15.0,15.0,0.8628282912397017,0.9491064803458552,-1.13352375427602,0.8520312532047748,0.9831469737221499,-0.1828169249850199,-0.3594718130884232,-0.9331559438780432,-0.8517119107469189,0.5240103253675756
2021-04-11,10.0,10.0,0.19941798035517144,0.2500714575571501,-0.8908321773197267,0.1942595116002403,0.986146248341595,-0.16587819893463143,-0.3271603271220951,-0.9449688462364056,-0.8776087166898392,0.4793776594606945
2021-04-10,4.0,4.0,-0.5966743927062649,-0.588770569789296,-0.8099349850009624,-1.1971807110247363,0.9888537064205885,-0.1488903868564548,-0.2944616217868012,-0.9556633054034704,-0.9011686968561569,0.4334685453485363
2021-04-09,14.0,14.0,0.7301462290627957,0.8092994757881141,-0.45398733879839914,0.09306385904569654,0.9912685467787256,-0.13185851571739118,-0.2614143985111562,-0.965226663665613,-0.9223291176290545,0.3864052261209853
2021-04-08,9.0,9.0,0.0667359181782654,0.1102644529994091,-0.729037792682198,-0.46351223000429415,0.9933900548258936,-0.11478762552212701,-0.2280577712215198,-0.9736476020539838,-0.9410336347451197,0.3383130181923076
2021-04-07,9.0,9.0,0.0667359181782654,0.1102644529994091,-0.9070116157834797,0.14366168532296844,0.9952176027737294,-0.09768276782171598,-0.19443122004766195,-0.9809161537413774,-0.957232443323312,0.28931997761869527
2021-04-06,15.0,15.0,0.8628282912397017,0.9491064803458552,-1.1173443158122671,0.7002377743729591,0.9967506498213929,-0.08054900421874167,-0.16057454459499376,-0.9870237158387383,-0.9708824104813836,0.23955655912092708
2021-04-05,15.0,15.0,0.8628282912397017,0.9491064803458552,-0.9070116157834797,0.27015625101614815,0.9979887423155984,-0.06339140486951038,-0.12652781683868314,-0.9919630595773397,-0.981947190186646,0.18915526872004093
2021-04-04,5.0,5.0,-0.46399233052935884,-0.44896356523155495,-0.5834228465084221,-0.46351223000429415,0.9989315138848577,-0.046215046983708354,-0.09233133369539122,-0.9957283388645872,-0.9903973200352558,0.1382503109109819
2021-04-03,12.0,12.0,0.46478210470898357,0.5296854666726322,-0.470166777262152,-0.008131793508847216,0.9995786855478958,-0.029025013321975237,-0.05802556932878035,-0.9983150972033183,-0.9962102997023297,0.0869772313136861
2021-04-02,5.0,5.0,-0.46399233052935884,-0.44896356523155495,-0.599602284972175,-0.9694904927770129,0.9999300657962057,-0.011826390691832589,-0.023651127245231586,-0.9997202729664083,-0.9993706508539969,0.03547255575312556
2021-04-01,16.0,16.0,0.9955103534166078,1.0889134849035962,-0.13039856952334164,1.4086073422547654,0.9999855506507186,0.005375731557583884,0.01075130776352193,-0.9999422030204416,-0.9998699583618592,-0.016126573270657762
2021-03-31,20.0,20.0,1.526238602124232,1.6481415031345603,0.6623939152005492,1.636297560502489,0.9997451236925734,0.022576263041545485,0.04514101777397193,-0.9989806246941579,-0.9977068927101168,-0.06768276175455162
2021-03-30,18.0,18.0,1.26087447777042,1.3685274940190781,0.33880514592549177,1.7627921261956687,0.9992088560679753,0.03977011384605572,0.07947729992362097,-0.9968366760893436,-0.9928872135356962,-0.11905873003404988
2021-03-29,20.0,20.0,1.526238602124232,1.6481415031345603,0.2740873920704803,1.7627921261956687,0.998376906467142,0.056952196034039754,0.11371951458594969,-0.9935128947338007,-0.9854237542919524,-0.17011767832049052
2021-03-28,2.0,2.0,-0.862038517060077,-0.868384578904778,-0.13039856952334164,-0.5900067956974738,0.9972495210773451,0.07411742515094437,0.14782713347053048,-0.9890132145779883,-0.9753363880767837,-0.2207236509605022
2021-03-27,10.0,10.0,0.19941798035517144,0.2500714575571501,-0.599602284972175,0.42194972984796375,0.9958270335100595,0.09126072172931188,0.18175978759137534,-0.9833429613388902,-0.9626519747161487,-0.2707418984477642
2021-03-26,12.0,12.0,0.46478210470898357,0.5296854666726322,-0.01714250027707151,0.42194972984796375,0.9941098647022418,0.10837701279187609,0.21547731504673012,-0.976508846196619,-0.9474042892438845,-0.32003923622313857
2021-03-25,8.0,8.0,-0.06594614399864067,-0.02954255155833192,-0.3569107080158819,0.017167119629788726,0.992098522791769,0.12546123335273648,0.24893980855376657,-0.9685189578512204,-0.9296339319682695,-0.3684843993077793
2021-03-24,14.0,14.0,0.7301462290627957,0.8092994757881141,-0.4216284618708934,1.4086073422547654,0.9897936029670716,0.14250832791617088,0.2821076626819194,-0.9593827529490743,-0.9093882203647925,-0.4159483918249421
2021-03-23,8.0,8.0,-0.06594614399864067,-0.02954255155833192,-0.4863462157259049,-0.7923981008065614,0.9871957872910085,0.15951325197263655,0.31494162072895193,-0.9491110448902284,-0.886721063082993,-0.46230483047981086
2021-03-22,7.0,7.0,-0.19862820617554672,-0.16934955611607294,-0.599602284972175,-0.8682948402224692,0.984305844499033,0.17647097349152166,0.3474028211842774,-0.9377159910299093,-0.8616928164028522,-0.5074302810827518
2021-03-21,3.0,3.0,-0.7293564548831709,-0.728577574347037,-0.5672434080446693,-0.9694904927770129,0.981124629771712,0.19337647441020586,0.37945284372454435,-0.925211078289358,-0.8343701235229538,-0.5512045872199277
2021-03-20,9.0,9.0,0.0667359181782654,0.1102644529994091,-0.9393704927109854,-0.08402853292475504,0.9776530844816641,0.2102247521189836,0.4110537546870351,-0.9116111071930239,-0.8048257371083452,-0.593511190196115
2021-03-19,18.000000000000227,18.000000000000227,1.2608744777704501,1.3685274940191101,-0.8908321773197267,1.3580095159774936,0.9738922359149924,0.22701082094141847,0.44216815196707204,-0.8969321743510065,-0.7731383255706026,-0.6342374393978054
2021-03-18,8.999999999999545,8.999999999999545,0.06673591817820505,0.11026445299934552,-0.9070116157834797,-0.15992527234066287,0.969843196967294,0.24372971360968387,0.47275920928627757,-0.881191653407483,-0.7393922635959241,-0.673274892250183
2021-03-17,5.000000000000227,5.000000000000227,-0.46399233052932864,-0.4489635652315232,-0.858473300392221,-0.41291440372702226,0.9655071658143364,0.2603764827344581,0.5027907197793043,-0.8644081744776648,-0.7036774074790128,-0.7105196029692745
2021-03-16,4.999999999999773,4.999999999999773,-0.463992330529389,-0.44896356523158676,-0.6804994772909394,-0.8935937533611051,0.9608854255574977,0.27694620226893646,0.5322271388474397,-0.8466016020976267,-0.666088855860977,-0.7458723993404063
2021-03-15,6.000000000000227,6.000000000000227,-0.3313102683524226,-0.30915656067378217,-0.5187050926534107,-0.1852241854792988,0.9559793438440766,0.2934339689665273,0.5610336262283677,-0.8277930117131022,-0.6267266965083301,-0.7792391467859886
2021-03-14,7.0,7.0,-0.19862820617554672,-0.16934955611607294,-0.5510639695809164,-0.3623165774497504,0.9507903724625832,0.3098349038318025,0.5891760872322963,-0.8080046647350754,-0.5856957398073508,-0.8105309990194823
2021-03-13,5.0,5.0,-0.46399233052935884,-0.44896356523155495,-0.5025256541896578,-0.514110056281566,0.945320046913132,0.3261441535642696,0.6166212130956382,-0.7872599821916922,-0.5431052396834317,-0.8396646346181327
2021-03-12,3.9999999999997726,3.9999999999997726,-0.5966743927062951,-0.5887705697893277,-0.5510639695809164,-0.2358220117565707,0.9395699859530622,0.342356891994542,0.6433365204044917,-0.765583517007675,-0.4990686026885319,-0.8665624788845385
2021-03-11,4.0,4.0,-0.5966743927062649,-0.588770569789296,-0.17893688491460027,-0.539408969420202,0.9335418911179212,0.35846832151248087,0.6692903895412567,-0.7430009249440493,-0.45370308603134424,-0.8911529104063088
2021-03-10,1.0000000000002274,1.0000000000002274,-0.9947205792369529,-1.0081915834624873,-0.7128583542184451,-1.1971807110247363,0.9272375462179537,0.374473674486883,0.6944521021088763,-0.719538934232584,-0.4071294853542516,-0.9133704517637858
2021-03-09,2.0,2.0,-0.862038517060077,-0.868384578904778,-0.745217231145951,-1.0959850584701927,0.9206588168102428,0.3903682146763026,0.7187918772884232,-0.6952253139408722,-0.3594718130884232,-0.9331559438780432
2021-03-08,5.0,5.0,-0.46399233052935884,-0.44896356523155495,-0.7775761080734567,-1.1971807110247363,0.9138076496466615,0.4061472386305789,0.742280907086982,-0.6700888411055113,-0.3108569682435036,-0.9504567035349151
2021-03-07,1.0,1.0,-0.9947205792369831,-1.008191583462519,-1.2306003850585372,-1.1971807110247363,0.9066860720977985,0.4218060770826634,0.7648913904341225,-0.6441592666722685,-0.2614143985111562,-0.965226663665613
2021-03-06,7.0,7.0,-0.19862820617554672,-0.16934955611607294,-1.392394769696066,0.1942595116002403,0.8992961915530253,0.4373400963303323,0.7865965660866021,-0.6174672802835514,-0.2112757555821793,-0.9774264960104055
2021-03-05,16.0,16.0,0.9955103534166078,1.0889134849035962,-1.2306003850585372,1.2568138634229498,0.8916401947968874,0.45274469960737107,0.8073707443023492,-0.5900444739548627,-0.16057454459499376,-0.9870237158387383
2021-03-04,1.0,1.0,-0.9947205792369831,-1.008191583462519,-0.9393704927109854,-1.1971807110247363,0.8837203473619977,0.4680153284438345,0.8271893372462497,-0.5619233046832195,-0.10944576864891556,-0.993992768446958
2021-03-03,2.0,2.0,-0.862038517060077,-0.868384578904778,-1.0526265619572555,-1.1212839716088285,0.8755389928586302,0.4831474640149687,0.8460288880917339,-0.533137056031809,-0.05802556932878035,-0.9983150972033183
2021-03-02,15.000000000000227,15.000000000000227,0.8628282912397319,0.949106480345887,-0.7128583542184451,1.3074116897002217,0.8670985522812081,0.4981366284784055,0.8638670987837349,-0.503719798736334,-0.00645086419810515,-0.9999791929590823
2021-03-01,10.0,10.0,0.19941798035517144,0.2500714575571501,-0.7937555465372096,0.5737432086797795,0.8584015232918917,0.512978386299228,0.8806828564301475,-0.47370635037968,0.04514101777397193,-0.9989806246941579
2021-02-28,6.0,6.0,-0.33131026835245275,-0.309156560673814,-1.0688060004210085,0.6749388612343232,0.8494504794814806,0.527668345562516,0.8964562582905575,-0.44313223418263453,0.0966127018812031,-0.9953220513156602
2021-02-27,5.0,5.0,-0.46399233052935884,-0.44896356523155495,-0.9717293696384912,-0.3117187511724785,0.8402480696078469,0.5422021592729844,0.9111686353326631,-0.41203363695942635,0.14782713347053048,-0.9890132145779883
2021-02-26,13.999999999999773,13.999999999999773,0.7301462290627655,0.8092994757880824,-0.615781723435928,1.13031929772977,0.8307970168121247,0.5565755266413303,0.9248025743285089,-0.38044736628785164,0.19864794288017112,-0.9800709131432666
2021-02-25,10.0,10.0,0.19941798035517144,0.2500714575571501,0.09611356896919862,0.776134513788867,0.8211001178128892,0.5707841943569036,0.9373419384643772,-0.3484108069446808,0.24893980855376657,-0.9685189578512204
2021-02-24,6.000000000000227,6.000000000000227,-0.3313102683524226,-0.30915656067378217,0.4844200920992676,0.5484442955411435,0.8111602420785621,0.5848239578463322,0.9487718864399473,-0.31596187665790293,0.2985688173637202,-0.9543881083175908
2021-02-23,5.999999999999773,5.999999999999773,-0.33131026835248295,-0.3091565606738457,0.435881776708009,-0.13462635920202692,0.8009803309782905,0.5986906625177214,0.9590788900341131,-0.28313898122818354,0.3474028211842774,-0.9377159910299093
2021-02-22,6.0,6.0,-0.33131026835245275,-0.309156560673814,0.25790795360672736,0.27015625101614815,0.7905633969115482,0.612380204990065,0.9682507501166718,-0.2499809690726521,0.3953117887649151,-0.9185469991587165
2021-02-21,8.0,8.0,-0.06594614399864067,-0.02954255155833192,0.2417285151429745,0.776134513788867,0.7799125224167177,0.6258885343075018,0.9762766110869321,-0.21652708524481437,0.44216815196707204,-0.8969321743510065
2021-02-20,9.0,9.0,0.0667359181782654,0.1102644529994091,0.32262570746173885,0.750835600650231,0.7690308592589181,0.6392116531380588,0.9831469737221499,-0.1828169249850199,0.4878471454423119,-0.8729290708206411
2021-02-19,8.000000000000227,8.000000000000227,-0.0659461439986105,-0.02954255155830013,-0.45398733879839914,0.5737432086797795,0.7579216274973472,0.6523456189565257,0.9888537064205885,-0.1488903868564548,0.5322271388474397,-0.8466016020976267
2021-02-18,2.9999999999995453,2.9999999999995453,-0.7293564548832313,-0.7285775743471006,-0.2921929541608704,-0.9188926664997411,0.746588114532413,0.6652865452111116,0.9933900548258936,-0.11478762552212701,0.5751899607119775,-0.8180198708443174
2021-02-17,1.0000000000002274,1.0000000000002274,-0.9947205792369529,-1.0081915834624873,-0.1627574464508474,-0.944191579638377,0.7350336741329413,0.6780306024735382,0.9967506498213929,-0.08054900421874167,0.6166212130956382,-0.7872599821916922
2021-02-16,3.0,3.0,-0.7293564548831709,-0.728577574347037,-0.599602284972175,-0.7670991876679254,0.7232617254437388,0.6905740195722293,0.9989315138848577,-0.046215046983708354,0.6564105761979381,-0.7544038410927472
2021-02-15,0.0,0.0,-1.1274026414138891,-1.1479985880202601,-1.1982415081310314,-1.1971807110247363,0.7112757519738152,0.7029130847082615,0.9999300657962057,-0.011826390691832589,0.6944521021088763,-0.719538934232584
2021-02-14,5.0,5.0,-0.46399233052935884,-0.44896356523155495,-1.7159835389711235,1.0797214714524983,0.6990793005655562,0.7150441465537444,0.9997451236925734,0.022576263041545485,0.7306444969184916,-0.6827580970759147
2021-02-13,11.0,11.0,0.33210004253207753,0.38987846211489113,-2.6220320929412844,1.0544225583138622,0.6866759803451553,0.726963615332308,0.998376906467142,0.056952196034039754,0.7648913904341225,-0.6441592666722685
2021-02-12,10.0,10.0,0.19941798035517144,0.2500714575571501,-2.7514676006513072,1.0544225583138622,0.6740694616546161,0.7386679638813748,0.9958270335100595,0.09126072172931188,0.7971015927871943,-0.6038452208771035
2021-02-11,13.0,13.0,0.5974641668858897,0.6694924712303731,-2.6058526544775313,1.0038247320365905,0.6612634749656386,0.7501537286959042,0.992098522791769,0.12546123335273648,0.8271893372462497,-0.5619233046832195
2021-02-10,4.0,4.0,-0.5966743927062649,-0.588770569789296,-2.282263885202474,0.750835600650231,0.6482618097757122,0.7614175109532997,0.9871957872910085,0.15951325197263655,0.8550745085896932,-0.518505144391157
2021-02-09,7.000000000000227,7.000000000000227,-0.19862820617551655,-0.16934955611604113,-2.42787883137625,0.5737432086797795,0.6350683134867438,0.7724559775191742,0.981124629771712,0.19337647441020586,0.8806828564301475,-0.47370635037968
2021-02-08,0.9999999999997726,0.9999999999997726,-0.9947205792370132,-1.0081915834625508,-2.508776023695014,-1.1971807110247363,0.6216868902665479,0.7832658619336791,0.9738922359149924,0.22701082094141847,0.9039461929224011,-0.42764620926777464
2021-02-07,0.0,0.0,-1.1274026414138891,-1.1479985880202601,-2.3146227621299795,-1.1971807110247363,0.6081214998935418,0.7938439653781019,0.9655071658143364,0.2603764827344581,0.9248025743285089,-0.38044736628785164
2021-02-06,0.0,0.0,-1.1274026414138891,-1.1479985880202601,-1.3600358927685603,-1.1971807110247363,0.5943761565849831,0.804187157621448,0.9559793438440766,0.2934339689665273,0.9431964659565866,-0.33223549871590435
2021-02-05,2.0,2.0,-0.862038517060077,-0.868384578904778,-0.745217231145951,-0.8429959270838333,0.580454927809098,0.8142923779467267,0.945320046913132,0.3261441535642696,0.9590788900341131,-0.28313898122818354
2021-02-04,4.0,4.0,-0.5966743927062649,-0.588770569789296,-0.599602284972175,-0.21052309861793475,0.5663619330814524,0.8241566360566663,0.9335418911179212,0.35846832151248087,0.9724075561219968,-0.23328854407545518
2021-02-03,0.0,0.0,-1.1274026414138891,-1.1479985880202601,-0.2921929541608704,-1.1971807110247363,0.5521013427459208,0.8337770129585915,0.9206588168102428,0.3903682146763026,0.9831469737221499,-0.1828169249850199
2021-02-02,0.0,0.0,-1.1274026414138891,-1.1479985880202601,-1.2306003850585372,-1.1971807110247363,0.5376773767406141,0.8431506618282,0.9066860720977985,0.4218060770826634,0.9912685467787256,-0.13185851571739118
2021-02-01,1.0000000000002274,1.0000000000002274,-0.9947205792369529,-1.0081915834624873,-1.5541891543335946,-1.1971807110247363,0.5230943033491326,0.8522748088519838,0.8916401947968874,0.45274469960737107,0.9967506498213929,-0.08054900421874167
2021-01-31,6.0,6.0,-0.33131026835245275,-0.309156560673814,-1.8615984851448995,0.7002377743729591,0.5083564379375122,0.8611467540480452,0.8755389928586302,0.4831474640149687,0.9995786855478958,-0.029025013321975237
2021-01-30,2.0,2.0,-0.862038517060077,-0.868384578904778,-1.635086346652359,-1.0706861453315568,0.49346814167723735,0.8697638720650646,0.8584015232918917,0.512978386299228,0.9997451236925734,0.022576263041545485
2021-01-29,0.9999999999997726,0.9999999999997726,-0.9947205792370132,-1.0081915834625508,-0.6319611618996808,-1.1718817978861005,0.4784338202547012,0.8781236129591848,0.8402480696078469,0.5422021592729844,0.9972495210773451,0.07411742515094437
2021-01-28,0.0,0.0,-1.1274026414138891,-1.1479985880202601,-0.9393704927109854,-1.1971807110247363,0.4632579225674917,0.88622350294858,0.8211001178128892,0.5707841943569036,0.992098522791769,0.12546123335273648
2021-01-27,0.0,0.0,-1.1274026414138891,-1.1479985880202601,-0.8746527388559739,-1.1971807110247363,0.44794493940789115,0.8940611451454876,0.8009803309782905,0.5986906625177214,0.984305844499033,0.17647097349152166
2021-01-26,4.0,4.0,-0.5966743927062649,-0.588770569789296,-0.9717293696384912,-0.2358220117565707,0.4324994021339788,0.901634220265486,0.7799125224167177,0.6258885343075018,0.9738922359149924,0.22701082094141847
2021-01-25,6.0,6.0,-0.33131026835245275,-0.309156560673814,-1.408574208159819,0.39665081670932784,0.4169258813287287,0.908940487313808,0.7579216274973472,0.6523456189565257,0.9608854255574977,0.27694620226893646
2021-01-24,2.0,2.0,-0.862038517060077,-0.868384578904778,-1.3276770158410545,-0.033430706647483155,0.4012289854475009,0.9159777842484877,0.7350336741329413,0.6780306024735382,0.945320046913132,0.3261441535642696
2021-01-23,2.0,2.0,-0.862038517060077,-0.868384578904778,-1.101164877348514,-0.48881114314293006,0.38541335945432564,0.9227440286201427,0.7112757519738152,0.7029130847082615,0.9272375462179537,0.374473674486883
2021-01-22,7.0,7.0,-0.19862820617554672,-0.16934955611607294,-1.0202676850297498,0.16896059846160436,0.3694836834473831,0.9292372181882051,0.6866759803451553,0.726963615332308,0.9066860720977985,0.4218060770826634
2021-01-21,2.0,2.0,-0.862038517060077,-0.868384578904778,-0.4863462157259049,-0.2864198380338426,0.3534446712740877,0.9354554315134164,0.6612634749656386,0.7501537286959042,0.8837203473619977,0.4680153284438345
2021-01-20,0.0,0.0,-1.1274026414138891,-1.1479985880202601,-0.17893688491460027,-1.0706861453315568,0.3373010691361842,0.9413968285264122,0.6350683134867438,0.7724559775191742,0.8584015232918917,0.512978386299228
2021-01-19,0.0,0.0,-1.1274026414138891,-1.1479985880202601,-0.3730901464796348,-1.1971807110247363,0.321057654185271,0.9470596510722283,0.6081214998935418,0.7938439653781019,0.8307970168121247,0.5565755266413303
2021-01-18,1.0,1.0,-0.9947205792369831,-1.008191583462519,-0.9555499311747383,-1.0453872321929207,0.3047192331091634,0.9524422234305676,0.580454927809098,0.8142923779467267,0.8009803309782905,0.5986906625177214
2021-01-17,1.0,1.0,-0.9947205792369831,-1.008191583462519,-1.13352375427602,-0.9188926664997411,0.2882906407095177,0.9575429528116719,0.5521013427459208,0.8337770129585915,0.7690308592589181,0.6392116531380588
2021-01-16,0.0,0.0,-1.1274026414138891,-1.1479985880202601,-1.4894714004785832,-1.1971807110247363,0.2717767384711357,0.9623603298276545,0.5230943033491326,0.8522748088519838,0.7350336741329413,0.6780306024735382
2021-01-15,0.0,0.0,-1.1274026414138891,-1.1479985880202601,-1.376215331232313,-1.1971807110247363,0.2551824131233728,0.9668929289391521,0.49346814167723735,0.8697638720650646,0.6990793005655562,0.7150441465537444
2021-01-14,4.0,4.0,-0.5966743927062649,-0.588770569789296,-1.4409330850873245,-0.539408969420202,0.23851257519407648,0.9711394088771653,0.4632579225674917,0.88622350294858,0.6612634749656386,0.7501537286959042
2021-01-13,2.0,2.0,-0.862038517060077,-0.868384578904778,-0.9231910542472326,-0.008131793508847216,0.22177215755648186,0.975098513039961,0.4324994021339788,0.901634220265486,0.6216868902665479,0.7832658619336791
2021-01-12,4.0,4.0,-0.5966743927062649,-0.588770569789296,-0.7937555465372096,0.017167119629788726,0.20496611396949532,0.9787690698649216,0.4012289854475009,0.9159777842484877,0.580454927809098,0.8142923779467267
2021-01-11,0.0,0.0,-1.1274026414138891,-1.1479985880202601,-0.7937555465372096,-1.1465828847474646,0.18809941761179758,0.9821499931752291,0.3694836834473831,0.9292372181882051,0.5376773767406141,0.8431506618282
2021-01-10,1.0,1.0,-0.9947205792369831,-1.008191583462519,-1.3114975773773017,-0.7670991876679254,0.17117705961019986,0.985240282501282,0.3373010691361842,0.9413968285264122,0.49346814167723735,0.8697638720650646
2021-01-09,4.0,4.0,-0.5966743927062649,-0.588770569789296,-1.3600358927685603,-0.10932744606339098,0.1542040475626894,0.988039023376751,0.3047192331091634,0.9524422234305676,0.44794493940789115,0.8940611451454876
2021-01-08,2.0,2.0,-0.862038517060077,-0.868384578904778,-1.3276770158410545,-0.2358220117565707,0.13718540405660057,0.9905453876091833,0.2717767384711357,0.9623603298276545,0.4012289854475009,0.9159777842484877
2021-01-07,0.0,0.0,-1.1274026414138891,-1.1479985880202601,-1.1497031927397727,-1.0706861453315568,0.1201261651823505,0.9927586335250793,0.23851257519407648,0.9711394088771653,0.3534446712740877,0.9354554315134164
2021-01-06,0.0,0.0,-1.1274026414138891,-1.1479985880202601,-1.24677982352229,-1.1971807110247363,0.10303137904317879,0.9946781061893646,0.20496611396949532,0.9787690698649216,0.3047192331091634,0.9524422234305676
2021-01-05,0.0,0.0,-1.1274026414138891,-1.1479985880202601,-1.1497031927397727,-1.1971807110247363,0.08590610426133272,0.9963032375991965,0.17117705961019986,0.985240282501282,0.2551824131233728,0.9668929289391521
2021-01-04,0.0,0.0,-1.1274026414138891,-1.1479985880202601,-1.1497031927397727,-1.1971807110247363,0.06875540848113941,0.9976335468520451,0.13718540405660057,0.9905453876091833,0.20496611396949532,0.9787690698649216
2021-01-03,0.0,0.0,-1.1274026414138891,-1.1479985880202601,-1.0526265619572555,-1.0959850584701927,0.051584366869408364,0.9986686402879997,0.10303137904317879,0.9946781061893646,0.1542040475626894,0.988039023376751
2021-01-02,0.0,0.0,-1.1274026414138891,-1.1479985880202601,-1.0526265619572555,-1.1971807110247363,0.03439806061360801,0.9994082116062598,0.06875540848113941,0.9976335468520451,0.10303137904317879,0.9946781061893646
2021-01-01,2.0,2.0,-0.862038517060077,-0.868384578904778,-1.2953181389135486,-0.38761549058838635,0.017201575418260506,0.9998520419557735,0.03439806061360801,0.9994082116062598,0.051584366869408364,0.9986686402879997
2020-12-31,1.0,1.0,-0.9947205792369831,-1.008191583462519,-1.262959261986043,-0.8176970139451973,0.012901459949419653,0.9999167727021953,0.02580077239154065,0.9996671046623471,0.03869579017652769,0.999251037438848
2020-12-30,1.0,1.0,-0.9947205792369831,-1.008191583462519,-1.0040882465659968,-0.15992527234066287,-0.004300592702981974,0.9999907524084426,-0.008601105865714402,0.9999630098048061,-0.012901459949423296,0.9999167727021951
2020-12-29,0.0,0.0,-1.1274026414138891,-1.1479985880202601,-1.0040882465659968,-0.9188926664997411,-0.021501372740813793,0.999768818762748,-0.04299280405372191,0.9990753819405211,-0.0644643571073619,0.9979200101524843
2020-12-28,2.0,2.0,-0.862038517060077,-0.868384578904778,-1.0202676850297498,-0.514110056281566,-0.03869579017652689,0.9992510374388481,-0.07733361695682096,0.9970052716452285,-0.11585560376947857,0.9932660666081418
2020-12-27,0.0,0.0,-1.1274026414138891,-1.1479985880202601,-0.7775761080734567,-1.1971807110247363,-0.05587875690537313,0.9984375616565666,-0.11158289958600157,0.9937551290534204,-0.16693835946505894,0.9859673342150412
2020-12-26,0.0,0.0,-1.1274026414138891,-1.1479985880202601,-0.858473300392221,-0.944191579638377,-0.07304518821104743,0.9973286321364752,-0.14570011528535065,0.9893288009584253,-0.21757660514828095,0.9760432474496963
2020-12-25,1.0,1.0,-0.9947205792369831,-1.008191583462519,-1.0040882465659968,0.0677649459070606,-0.09019000427034513,0.9959245770286599,-0.179644883710313,0.9837315262594303,-0.26763550537876996,0.9635202313707016
2020-12-24,0.0,0.0,-1.1274026414138891,-1.1479985880202601,-0.729037792682198,-0.944191579638377,-0.10730813165636247,0.9942258118156161,-0.21337702862092797,0.9769699297608415,-0.3169817673505313,0.9484316312562195
2020-12-23,0.0,0.0,-1.1274026414138891,-1.1479985880202601,0.015216376650434241,-1.1465828847474646,-0.12439450483979998,0.9922328391893008,-0.2468566254334839,0.9690520143313219,-0.3654839958133111,0.9308176238148564
2020-12-22,0.0,0.0,-1.1274026414138891,-1.1479985880202601,-0.0009630618133186345,-1.1971807110247363,-0.14144406768794202,0.9899462489023779,-0.2800440484743445,0.9599871514317777,-0.41301304294128083,0.9107251102063585
2020-12-21,0.0,0.0,-1.1274026414138891,-1.1479985880202601,-0.3569107080158819,-1.1971807110247363,-0.15845177496083632,0.9873667175937016,-0.3129000178799537,0.949786070023521,-0.4594423522174453,0.888207591156989
2020-12-20,1.0,1.0,-0.9947205792369831,-1.008191583462519,-0.2760135156971175,-0.8682948402224692,-0.17541259380427843,0.9844950085880858,-0.345385646087603,0.9384608438697104,-0.5046482954181549,0.8633250245020995
2020-12-19,2.0,2.0,-0.862038517060077,-0.868384578904778,-0.17893688491460027,-0.6153057088361098,-0.19232150523909483,0.9813319716704275,-0.3774624838618108,0.9260248772451376,-0.5485105018003629,0.8361436655352441
2020-12-18,2.0,2.0,-0.862038517060077,-0.868384578904778,-0.2760135156971175,-0.0587296197861191,-0.20917350564635637,0.9778785428342386,-0.40909256580197667,0.9124928890712274,-0.5909121786151558,0.8067358905889153
2020-12-17,1.0,1.0,-0.9947205792369831,-1.008191583462519,-0.19511632337835313,-0.8429959270838333,-0.22596360824801906,0.974135744004672,-0.4402384552773285,0.8978808954950716,-0.6317404220940748,0.775180004316675
2020-12-16,3.0,3.0,-0.7293564548831709,-0.728577574347037,-0.2921929541608704,0.42194972984796375,-0.2426868445825954,0.9701046827361175,-0.4708632887360563,0.8822061909330864,-0.6708865180801575,0.741560031189844
2020-12-15,1.0,1.0,-0.9947205792369831,-1.008191583462519,-0.21129576184210602,-0.944191579638377,-0.2593382659754056,0.9657865518844574,-0.5009308193361626,0.8654873276017395,-0.7082462315032508,0.7059654917638989
2020-12-14,0.0,0.0,-1.1274026414138891,-1.1479985880202601,-0.09803969259583589,-1.0200883190542849,-0.27591294500296043,0.9611826292540837,-0.5304054598463659,0.8477440935595867,-0.7437200839287426,0.6684911643103625
2020-12-13,0.0,0.0,-1.1274026414138891,-1.1479985880202601,-0.615781723435928,-0.9947894059156489,-0.29240597695107734,0.9562942772197719,-0.5592523247663436,0.828997489286572,-0.7772136184407381,0.6292368324488442
2020-12-12,0.0,0.0,-1.1274026414138891,-1.1479985880202601,-0.745217231145951,-1.1971807110247363,-0.30881248126625377,0.9511229423235357,-0.587437271616382,0.8092697028283593,-0.8086376511543116,0.5883070194512706
2020-12-11,1.0,1.0,-0.9947205792369831,-1.008191583462519,-1.24677982352229,-1.1971807110247363,-0.3251276029999093,0.9456701548465688,-0.6149269413476359,0.7885840835350667,-0.8379085086871808,0.5458107099257257
2020-12-10,2.0,2.0,-0.862038517060077,-0.868384578904778,-1.505650838942336,-0.10932744606339098,-0.34134651424503615,0.9399375283564133,-0.641688797825113,0.7669651144255266,-0.8649482509584351,0.5018610596210309
2020-12-09,0.0,0.0,-1.1274026414138891,-1.1479985880202601,-1.4732919620148304,-1.1971807110247363,-0.3574644155648614,0.9339267592294762,-0.6676911663366994,0.7444383832097441,-0.8896848787211052,0.4565750941247368
2020-12-08,0.0,0.0,-1.1274026414138891,-1.1479985880202601,-1.3438564543048073,-1.1465828847474646,-0.37347653741307074,0.9276396261490467,-0.6929032710826029,0.7210305520038863,-0.9120525252759653,0.41007339725680186
2020-12-07,0.0,0.0,-1.1274026414138891,-1.1479985880202601,-0.8261144234647153,-1.1971807110247363,-0.3893781415452015,0.9210779895789526,-0.717295271600886,0.6967693257736101,-0.9319916318560629,0.3624797899887287
2020-12-06,1.0,1.0,-0.9947205792369831,-1.008191583462519,-1.2306003850585372,-1.1971807110247363,-0.4051645224207563,0.9142437912130223,-0.7408382980859317,0.6716834195431209,-0.9494491062150142,0.31392100074303836
2020-12-05,4.0,4.0,-0.5966743927062649,-0.588770569789296,-1.2953181389135486,-0.008131793508847216,-0.42083100859565564,0.9071390534005044,-0.7635044855580851,0.6458025244087264,-0.9643784639967455,0.2645263279510712
2020-12-04,3.0,3.0,-0.7293564548831709,-0.728577574347037,-0.7613966696097038,-0.21052309861793475,-0.4363729641045924,0.8997658785476209,-0.7852670068439961,0.6191572723971441,-0.9767399525103051,0.2144272957675092
2020-12-03,0.0,0.0,-1.1274026414138891,-1.1479985880202601,-0.729037792682198,-1.1465828847474646,-0.451785789832884,0.8921264484954345,-0.8061001043286312,0.5917792002101544,-0.9865006565801182,0.16375730385847118
2020-12-02,0.0,0.0,-1.1274026414138891,-1.1479985880202601,-0.729037792682198,-1.1971807110247363,-0.46706492487743034,0.8842230238742036,-0.8259791204413984,0.5637007118984807,-0.9936345861898662,0.11265127219562723
2020-12-01,1.0,1.0,-0.9947205792369831,-1.008191583462519,-0.32455183108837615,-0.944191579638377,-0.4822058478963526,0.8760579434344281,-0.8448805268402667,0.5349550405091192,-0.9981227456866079,0.06124528180216964
2020-11-30,0.0,0.0,-1.1274026414138891,-1.1479985880202601,-1.2306003850585372,-1.1971807110247363,-0.4972040784469378,0.8676336233547726,-0.8627819522593745,0.5055762087514626,-0.9999531843608731,0.009676212407229028
2020-11-29,1.0,1.0,-0.9947205792369831,-1.008191583462519,-1.4571125235510773,-0.539408969420202,-0.5120551783114646,0.8589525565270845,-0.8796622089871292,0.47559898872882833,-0.9991210282680495,-0.04191862202643906
2020-11-28,0.0,0.0,-1.1274026414138891,-1.1479985880202601,-0.987908808102244,-1.1971807110247363,-0.5267547528105542,0.8500173118187018,-0.895501317943504,0.44505886078298396,-0.9956284932063293,-0.09340183893101002
2020-11-27,0.0,0.0,-1.1274026414138891,-1.1479985880202601,-0.5348845311171635,-1.1971807110247363,-0.5412984521036173,0.8408305333122887,-0.9102805323268018,0.41399197150045597,-0.9894848788166603,-0.14463635294482202
2020-11-26,0.0,0.0,-1.1274026414138891,-1.1479985880202601,-0.22747520030585888,-1.1971807110247363,-0.5556819724760489,0.8313949395234058,-0.9239823598019431,0.3824350909302552,-0.9807065438204114,-0.19548574093223126
2020-11-25,6.0,6.0,-0.33131026835245275,-0.309156560673814,-0.5187050926534107,0.34605299043205595,-0.5699010576127624,0.8217133225960589,-0.936590583203982,0.3504255690637097,-0.9693168624606876,-0.24581460524014512
2020-11-24,0.0,0.0,-1.1274026414138891,-1.1479985880202601,-0.3569107080158819,-0.8682948402224692,-0.5839514998576998,0.8117885474764613,-0.9480902797323661,0.31800129162788576,-0.9553461622632786,-0.29548893422398304
2020-11-23,7.0,7.0,-0.19862820617554672,-0.16934955611607294,-0.7775761080734567,0.5737432086797795,-0.5978291414589552,0.801623551065242,-0.9584678386132249,0.28520063524489725,-0.9388316432829669,-0.3443764590830856
2020-11-22,4.0,4.0,-0.5966743927062649,-0.588770569789296,-0.32455183108837615,-0.2358220117565707,-0.6115298757991053,0.7912213413483807,-0.9677109772087535,0.25206242201026163,-0.9198172790502193,-0.3923470060554191
2020-11-21,0.0,0.0,-1.1274026414138891,-1.1479985880202601,-0.24365463876961177,-1.1971807110247363,-0.6250496486104377,0.7805849965070866,-0.9758087555546684,0.2186258735439368,-0.8983536994820134,-0.43927284303378045
2020-11-20,3.0,3.0,-0.7293564548831709,-0.728577574347037,-0.6966789157546923,-0.38761549058838635,-0.6383844591746642,0.7697176640069211,-0.9827515893084885,0.1849305645685428,-0.8744980560685742,-0.48502901968055984
2020-11-19,3.0,3.0,-0.7293564548831709,-0.728577574347037,-0.25983407723336466,-0.5900067956974738,-0.6515303615068021,0.75862255966641,-0.9885312610933433,0.15101637606963153,-0.8483138696949905,-0.5294937001354318
2020-11-18,3.0,3.0,-0.7293564548831709,-0.728577574347037,0.4520612151717619,0.32075407729342004,-0.6644834655228552,0.7473029667054296,-0.9931409302238695,0.11692344809347308,-0.819870861502921,-0.5725484874300675
2020-11-17,0.0,0.0,-1.1274026414138891,-1.1479985880202601,0.33880514592549177,-1.1212839716088285,-0.6772399381909491,0.7357622347736527,-0.996575140802686,0.08269213223823901,-0.7892447672427557,-0.6140787387460409
2020-11-16,1.0,1.0,-0.9947205792369831,-1.008191583462519,-0.01714250027707151,-1.0706861453315568,-0.6897960046655887,0.7240037789593305,-0.9988298281778684,0.04836294389478229,-0.7565171356105624,-0.6539738706764896
2020-11-15,1.0,1.0,-0.9947205792369831,-1.008191583462519,0.40352289978050326,-0.8429959270838333,-0.7021479494046978,0.7120310787787131,-0.9999023237537765,0.01397651429355571,-0.7217751111067897,-0.6921276536786992
2020-11-14,2.0,2.0,-0.862038517060077,-0.868384578904778,0.25790795360672736,-0.7165013613906536,-0.7142921172691032,0.699847677146407,-0.9997913581495419,-0.020426457585556834,-0.6851112019949128,-0.7284384949335707
2020-11-13,1.0,1.0,-0.9947205792369831,-1.008191583462519,-0.09803969259583589,-0.6153057088361098,-0.7262249146041543,0.6874571793269664,-0.9984970627014779,-0.054805253183622435,-0.6466230339778838,-0.762809708858793
2020-11-12,3.0,3.0,-0.7293564548831709,-0.728577574347037,-0.0009630618133186345,-0.43821331686565823,-0.7379428103031386,0.6748632518680403,-0.9960209693076331,-0.08911918255618792,-0.6064130902482757,-0.7951497745554208
2020-11-11,0.9999999999997726,0.9999999999997726,-0.9947205792370132,-1.0081915834625508,0.25790795360672736,-0.7418002745292895,-0.7494423368521954,0.6620696215153815,-0.9923660086146721,-0.12332763253295889,-0.5645884386042955,-0.8253725795023503
2020-11-10,7.000000000000227,7.000000000000227,-0.19862820617551655,-0.16934955611604113,-0.14657800798709453,0.42194972984796375,-0.7607200913564104,0.6490800741100398,-0.9875365065492301,-0.15739011478661072,-0.5212604463582775,-0.8533976488498016
2020-11-09,4.999999999999773,4.999999999999773,-0.463992330529389,-0.44896356523158676,0.29026683053423313,-0.008131793508847216,-0.7717727365467836,0.6358984534680745,-0.9815381791978468,-0.19126631375382222,-0.4765444837967782,-0.8791503597012642
2020-11-08,3.0,3.0,-0.7293564548831709,-0.728577574347037,-0.3730901464796348,0.5737432086797795,-0.7825970017677834,0.6225286602431057,-0.9743781260415392,-0.22491613435184774,-0.430559616981873,-0.9025621398133332
2020-11-07,6.0,6.0,-0.33131026835245275,-0.309156560673814,-0.5834228465084221,0.6749388612343232,-0.7931896839451843,0.6089746507720486,-0.9660648215530205,-0.25829974943412287,-0.3834282907116399,-0.9235706501843539
2020-11-06,6.000000000000227,6.000000000000227,-0.3313102683524226,-0.30915656067378217,-0.340731269552129,0.11836277218433248,-0.8035476485339116,0.5952404359043674,-0.9566081051665098,-0.29137764692875745,-0.3352760024840176,-0.9421199510456919
2020-11-05,1.9999999999997726,1.9999999999997726,-0.8620385170601071,-0.8683845789048098,-0.4863462157259049,-0.10932744606339098,-0.8136678304455991,0.5813300798152042,-0.9460191696320084,-0.32411067660409654,-0.28623096833217826,-0.9581606508136428
2020-11-04,9.000000000000227,9.000000000000227,0.06673591817829556,0.11026445299944089,-0.5187050926534107,0.5737432086797795,-0.8235472349556007,0.5672476988027229,-0.9343105477678197,-0.3564600964060307,-0.23642378142121204,-0.9716500376053587
2020-11-03,8.0,8.0,-0.06594614399864067,-0.02954255155833192,-0.1627574464508474,0.29545516415478407,-0.8331829385891785,0.5529974600700271,-0.9214960976269942,-0.3883876183121974,-0.18598706431516163,-0.9825521929686117
2020-11-02,1.0000000000002274,1.0000000000002274,-0.9947205792369529,-1.0081915834624873,0.9374443690843481,-1.0200883190542849,-0.8425720899866032,0.5385835804920232,-0.9075909860952637,-0.4198554536487849,-0.1350551158403447,-0.9908380875225533
2020-11-01,2.0,2.0,-0.862038517060077,-0.868384578904778,0.6462144767367964,-0.7418002745292895,-0.8517119107469189,0.5240103253675756,-0.8926116709398649,-0.45082635781633507,-0.08376355348526729,-0.9964856582548094
2020-10-31,1.0,1.0,-0.9947205792369831,-1.008191583462519,0.565317284418032,-0.7418002745292895,-0.8605996962501181,0.5092820071573356,-0.876575881330507,-0.4812636743715911,-0.03224895228930312,-0.9994798672690922
2020-10-30,0.0,0.0,-1.1274026414138891,-1.1479985880202601,0.7271116690555608,-1.1971807110247363,-0.8692328164574792,0.49440298420761813,-0.8595025968555411,-0.5111313784132033,0.019351518818325447,-0.9998127418269003
2020-10-29,3.9999999999997726,3.9999999999997726,-0.5966743927062951,-0.5887705697893277,0.07993413050544575,-0.46351223000429415,-0.8776087166898392,0.4793776594606945,-0.8414120250581577,-0.5403941192199728,0.07090046226091078,-0.9974833955766829
2020-10-28,4.000000000000227,4.000000000000227,-0.5966743927062347,-0.5887705697892642,0.03139581511418712,-0.514110056281566,-0.8857249183835637,0.4642104791518923,-0.8223255775192096,-0.5690172620911411,0.12226061766546514,-0.9924980309139454
2020-10-27,2.9999999999997726,2.9999999999997726,-0.7293564548832011,-0.7285775743470688,0.03139581511418712,-0.3623165774497504,-0.8935790198239952,0.4489059314938798,-0.8022658445149573,-0.5969669293392242,0.17329522734857314,-0.9848699224660109
2020-10-26,4.0,4.0,-0.5966743927062649,-0.588770569789296,0.04757525357793999,-0.46351223000429415,-0.9011686968561569,0.4334685453485363,-0.7812565682797488,-0.6242100403868479,0.22386840046373174,-0.9746193817454125
2020-10-25,1.0,1.0,-0.9947205792369831,-1.008191583462519,0.33880514592549177,-1.1718817978861005,-0.9084917035725082,0.41790288888678667,-0.7593226149052589,-0.6507143509201561,0.27384547484055566,-0.9617737030660334
2020-10-24,2.0,2.0,-0.862038517060077,-0.868384578904778,0.5976761613455378,-0.8429959270838333,-0.9155458729775467,0.40221356823680365,-0.7364899449095569,-0.6764484910524361,0.3230933755523487,-0.9463670908660069
2020-10-23,8.0,8.0,-0.06594614399864067,-0.02954255155833192,0.35498458438924463,0.1942595116002403,-0.9223291176290545,0.3864052261209853,-0.7127855825108473,-0.7013820024527804,0.37148096925728924,-0.9284405686308979
2020-10-22,7.000000000000227,7.000000000000227,-0.19862820617551655,-0.16934955611604113,0.5329584074905263,0.34605299043205595,-0.9288394302558068,0.3704825404820963,-0.6882375836422284,-0.7254853743958638,0.4188794133697436,-0.9080418696596647
2020-10-21,1.9999999999997726,1.9999999999997726,-0.8620385170601071,-0.8683845789048098,0.8080088613743251,-0.8429959270838333,-0.9350748843515574,0.3544502230989869,-0.6628750027453377,-0.7487300786901568,0.4651624991319044,-0.8852253099642831
2020-10-20,0.0,0.0,-1.1274026414138891,-1.1479985880202601,0.25790795360672736,-1.1971807110247363,-0.9410336347451197,0.3383130181923076,-0.636727858382198,-0.7710886034432227,0.5102069876723101,-0.8600516436414427
2020-10-19,1.0,1.0,-0.9947205792369831,-1.008191583462519,-0.14657800798709453,-1.0959850584701927,-0.9467139181463862,0.3220757010206104,-0.6098270977059321,-0.7925344856241648,0.5538929381563814,-0.8325879011014339
2020-10-18,4.0,4.0,-0.5966743927062649,-0.588770569789296,-0.25983407723336466,-0.539408969420202,-0.9521140536681102,0.3057430764672831,-0.5822045598324479,-0.8130423423846421,0.5961040271552042,-0.8029072105849764
2020-10-17,4.0,4.0,-0.5966743927062649,-0.588770569789296,-0.38926958494338765,-0.5647078825588379,-0.957232443323312,0.28931997761869527,-0.5538929381563792,-0.8325879011014353,0.6367278583821974,-0.7710886034432233
2020-10-16,7.000000000000227,7.000000000000227,-0.19862820617551655,-0.16934955611604113,-0.24365463876961177,-0.15992527234066287,-0.9620675724981452,0.27281126433401914,-0.5249257416559593,-0.8511480281049478,0.675656261972874,-0.7372168036994565
2020-10-15,4.999999999999773,4.999999999999773,-0.463992330529389,-0.44896356523158676,-0.09803969259583589,-1.1465828847474646,-0.9666180104000972,0.2562218218071163,-0.4953372552325659,-0.8687007560596848,0.712785582510848,-0.7013820024527797
2020-10-14,6.0,6.0,-0.33131026835245275,-0.309156560673814,-0.08186025413208302,-0.10932744606339098,-0.9708824104813836,0.23955655912092708,-0.46516249913190355,-0.8852253099642835,0.748016955033124,-0.6636796177245262
2020-10-13,8.0,8.0,-0.06594614399864067,-0.02954255155833192,-0.13039856952334164,0.34605299043205595,-0.9748595108374125,0.22282040779479959,-0.4344371874948622,-0.9007021317403184,0.7812565682797504,-0.6242100403868457
2020-10-12,6.0,6.0,-0.33131026835245275,-0.309156560673814,0.04757525357793999,-0.21052309861793475,-0.9785481345802031,0.20601832032517084,-0.40319768608708534,-0.9151129033807907,0.8124159144868894,-0.5830783668499725
2020-10-11,4.0,4.0,-0.5966743927062649,-0.588770569789296,-0.01714250027707151,0.0677649459070606,-0.981947190186646,0.18915526872004093,-0.37148096925728835,-0.9284405686308982,0.8414120250581583,-0.5403941192199719
2020-10-10,5.0,5.0,-0.46399233052935884,-0.44896356523155495,-0.2921929541608704,-0.514110056281566,-0.9850556718215013,0.172236243027682,-0.3393245761752893,-0.9406693531754186,0.868167691486717,-0.4962709536721089
2020-10-09,4.0,4.0,-0.5966743927062649,-0.588770569789296,0.177010761287963,-0.514110056281566,-0.9878726596350429,0.15526624985999563,-0.30676656640150596,-0.9517847833088268,0.8926116709398654,-0.45082635781633423
2020-10-08,0.0,0.0,-1.1274026414138891,-1.1479985880202601,0.5005995305630205,-1.1971807110247363,-0.9903973200352558,0.1382503109109819,-0.2738454748405547,-0.9617737030660337,0.9146788759587118,-0.40418133786075217
2020-10-07,5.0,5.0,-0.46399233052935884,-0.44896356523155495,0.3873434613167504,-0.0587296197861191,-0.9926289059345095,0.121193461470736,-0.2406002661322256,-0.9706242897934825,0.9343105477678194,-0.3564600964060315
2020-10-06,2.9999999999997726,2.9999999999997726,-0.7293564548832011,-0.7285775743470688,0.435881776708009,-0.7670991876679254,-0.9945667569706337,0.1041007489354256,-0.20707028853384077,-0.9783260681421669,0.9514544127333379,-0.30778970172872777
2020-10-05,1.0000000000002274,1.0000000000002274,-0.9947205792369529,-1.0081915834624873,0.33880514592549177,-0.9694904927770129,-0.9962102997023297,0.0869772313136861,-0.17329522734857217,-0.9848699224660111,0.9660648215530208,-0.25829974943412193
2020-10-04,5.0,5.0,-0.46399233052935884,-0.44896356523155495,0.33880514592549177,-0.3117187511724785,-0.9975590477788613,0.06982797572987089,-0.1393150579548309,-0.9902481076109372,0.9781028708075103,-0.20812201737948507
2020-10-03,0.0,0.0,-1.1274026414138891,-1.1479985880202601,0.4520612151717619,-1.1212839716088285,-0.9986126020839734,0.052658056924614005,-0.10516999849234956,-0.9944542580818482,0.9875365065492302,-0.15739011478660975
2020-10-02,8.0,8.0,-0.06594614399864067,-0.02954255155833192,0.46824065363551476,-0.33701766431111446,-0.9993706508539969,0.03547255575312556,-0.07090046226091157,-0.9974833955766828,0.9943406096530519,-0.10623912647794644
2020-10-01,0.9999999999997726,0.9999999999997726,-0.9947205792370132,-1.0081915834625508,0.565317284418032,-1.1971807110247363,-0.999832969770105,0.018276557681691223,-0.03654700988811993,-0.9993319348786156,0.9984970627014779,-0.05480525318362323
2020-09-30,2.0,2.0,-0.862038517060077,-0.868384578904778,0.8565471767655838,-0.9188926664997411,-0.9999994220246925,0.001075151282798226,-0.0021503013227746654,-0.9999976880994382,0.9999947982262414,-0.003225448877107192
2020-09-29,8.000000000000227,8.000000000000227,-0.0659461439986105,-0.02954255155830013,0.7756499844468194,-0.1852241854792988,-0.9998699583618592,-0.016126573270657762,0.0322489522893041,-0.9994798672690922,0.9988298281778684,0.04836294389478327
2020-09-28,1.0,1.0,-0.9947205792369831,-1.008191583462519,0.4844200920992676,-1.1971807110247363,-0.9994446170919858,-0.033323525711631344,0.06661003679003268,-0.9977790852682925,0.9950052545447351,0.09982255971656324
2020-09-27,4.0,4.0,-0.5966743927062649,-0.588770569789296,0.7271116690555608,-0.46351223000429415,-0.9987235240803972,-0.050510617185222886,0.10089228319740334,-0.9948973551031357,0.9885312610933431,0.15101637606963247
2020-09-26,7.0,7.0,-0.19862820617554672,-0.16934955611607294,0.435881776708009,-0.38761549058838635,-0.9977068927101168,-0.06768276175455162,0.13505511584034569,-0.9908380875225532,0.9794250862518059,0.2018080781848007
2020-09-25,10.0,10.0,0.19941798035517144,0.2500714575571501,0.2417285151429745,0.4978464692638716,-0.9963950238187231,-0.08483487790576538,0.16905810038314714,-0.9856060869814277,0.9677109772087533,0.2520624220102626
2020-09-24,11.0,11.0,0.33210004253207753,0.38987846211489113,0.6300350382730435,0.5231453824025075,-0.994788305609327,-0.10196189005174576,0.20286099168260133,-0.9792075459541514,0.9534201253498682,0.30164559432857885
2020-09-23,8.0,8.0,-0.06594614399864067,-0.02954255155833192,0.9859826844756068,-0.2358220117565707,-0.9928872135356962,-0.11905873003404988,0.23642378142121298,-0.9716500376053585,0.936590583203981,0.35042556906371225
2020-09-22,10.0,10.0,0.19941798035517144,0.2500714575571501,0.7756499844468194,0.9026290794820466,-0.9906923101615609,-0.13612033862266704,0.2697067454601279,-0.962942506826501,0.9172671631198608,0.39827245882943335
2020-09-21,17.0,17.0,1.128192415593514,1.2287204894613373,0.7756499844468194,1.636297560502489,-0.9882042449941422,-0.15314166701312007,0.30267049085568926,-0.9530952596488853,0.8955013179435027,0.44505886078298645
2020-09-20,14.0,14.0,0.7301462290627957,0.8092994757881141,0.5976761613455378,1.686895386779761,-0.9854237542919524,-0.17011767832049052,0.3352760024840169,-0.9421199510456922,0.87135100401364,0.490660195863106
2020-09-19,13.0,13.0,0.5974641668858897,0.6694924712303731,0.5814967228817849,1.686895386779761,-0.9823516608469237,-0.18704334906991657,0.3674846892184069,-0.9300295711374187,0.844880526840267,0.5349550405091186
2020-09-18,17.0,17.0,1.128192415593514,1.2287204894613373,0.4520612151717619,1.686895386779761,-0.9789888737409319,-0.20391367068311472,0.3992584296048835,-0.9168384298170765,0.8161603698771169,0.5778254499778006
2020-09-17,19.0,19.0,1.393556539947326,1.5083344985768192,0.5329584074905263,1.636297560502489,-0.9753363880767837,-0.2207236509605022,0.43055961698187384,-0.9025621398133328,0.7852670068439955,0.6191572723971449
2020-09-16,8.0,8.0,-0.06594614399864067,-0.02954255155833192,1.2772125768231586,0.5231453824025075,-0.97139528468375,-0.23746831555846842,0.461351203990578,-0.8872175982116474,0.7522826980987227,0.6588404527207676
2020-09-15,16.0,16.0,0.9955103534166078,1.0889134849035962,1.859672361518262,1.4339062553934014,-0.9671667297977312,-0.2541427094613622,0.4915967464233612,-0.8708229664552752,0.7172952716008841,0.6967693257736121
2020-09-14,18.0,18.0,1.26087447777042,1.3685274940190781,1.4390069614606873,1.6615964736411248,-0.9626519747161487,-0.2707418984477642,0.5212604463582784,-0.8533976488498011,0.6803978890506115,0.7328428976086702
2020-09-13,13.0,13.0,0.5974641668858897,0.6694924712303731,1.0668798767943712,1.0544225583138622,-0.9578523554276669,-0.28726097055059635,0.5503071945286527,-0.8349622695966589,0.6416887978251137,0.7669651144255262
2020-09-12,8.0,8.0,-0.06594614399864067,-0.02954255155833192,0.7432911075193136,-0.008131793508847216,-0.9527692922168511,-0.30369503751065885,0.578702611877601,-0.8155386483827991,0.601271069373482,0.7990451183346716
2020-09-11,13.0,13.0,0.5974641668858897,0.6694924712303731,0.7594705459830665,1.3074116897002217,-0.9474042892438845,-0.32003923622313857,0.6064130902482765,-0.7951497745554202,0.5592523247663413,0.8289974892865736
2020-09-10,18.0,18.0,1.26087447777042,1.3685274940190781,0.6947527921280551,1.2821127765615858,-0.9417589340994617,-0.33628873017668287,0.6334058321617086,-0.7738197799123084,0.515744448131128,0.8567424725213045
2020-09-09,1.0,1.0,-0.9947205792369831,-1.008191583462519,1.083059315258124,-1.0453872321929207,-0.9358348973349941,-0.35243871088460327,0.6596488896351408,-0.7515739101399981,0.47086328873605704,0.8822061909330859
2020-09-08,2.0,2.0,-0.862038517060077,-0.868384578904778,1.1801359460406413,-1.1971807110247363,-0.9296339319682695,-0.3684843993077793,0.6851112019949135,-0.7284384949335702,0.4247283525160183,0.9053208417842974
2020-09-07,12.0,12.0,0.46478210470898357,0.5296854666726322,0.8889060536930895,0.39665081670932784,-0.9231578729647039,-0.38442104726885545,0.709762632639161,-0.7044409168334328,0.3774624838618099,0.926024877245138
2020-09-06,9.0,9.0,0.0667359181782654,0.1102644529994091,0.5976761613455378,0.09306385904569654,-0.9164086366943458,-0.4002439388573056,0.733574004706797,-0.6796095788159788,0.3291915385199928,0.9442631682782295
2020-09-05,13.0,13.0,0.5974641668858897,0.6694924712303731,0.7594705459830665,0.5231453824025075,-0.9093882203647925,-0.4159483918249421,0.756517135610563,-0.6539738706764888,0.28004404847434183,0.9599871514317785
2020-09-04,14.0,14.0,0.7301462290627957,0.8092994757881141,1.1963153845043941,-0.08402853292475504,-0.9020987014301837,-0.43152975897147144,0.7785648703932891,-0.6275641342440474,0.2301508797012426,0.9731549581504192
2020-09-03,1.0,1.0,-0.9947205792369831,-1.008191583462519,0.9374443690843481,-1.1971807110247363,-0.8945422369764496,-0.4469834295196741,0.7996911138678691,-0.600411627469661,0.17964488371031379,0.9837315262594302
2020-09-02,15.0,15.0,0.8628282912397017,0.9491064803458552,0.8403677383018309,1.9145856050274843,-0.886721063082993,-0.46230483047981086,0.8198708615029215,-0.5725484874300667,0.12866054379810374,0.991688693325469
2020-09-01,12.0,12.0,0.46478210470898357,0.5296854666726322,0.8241882998380781,0.776134513788867,-0.8786374941610001,-0.4774894280028391,0.8390802290175676,-0.5440076922910431,0.07733361695682177,0.9970052716452283
2020-08-31,13.0,13.0,0.5974641668858897,0.6694924712303731,0.8727266152293367,0.39665081670932784,-0.8702939222685674,-0.49253272872205434,0.8572964806503138,-0.5148230222752145,0.02580077239154065,0.9996671046623471
2020-08-30,5.0,5.0,-0.46399233052935884,-0.44896356523155495,1.0183415614031126,-0.514110056281566,-0.8616928164028522,-0.5074302810827518,0.8744980560685747,-0.48502901968055895,-0.02580077239154163,0.999667104662347
2020-08-29,13.0,13.0,0.5974641668858897,0.6694924712303731,0.8241882998380781,0.4472486429865997,-0.8528367217694595,-0.522177676659508,0.8906645958869751,-0.4546609479969567,-0.07733361695682096,0.9970052716452285
2020-08-28,9.0,9.0,0.0667359181782654,0.1102644529994091,0.953623807548101,0.09306385904569654,-0.8437282590292712,-0.5367705514607103,0.9057769657642539,-0.42375475016912983,-0.1286605437981047,0.9916886933254689
2020-08-27,7.0,7.0,-0.19862820617554672,-0.16934955611607294,0.9050854921568424,-0.43821331686565823,-0.8343701235229538,-0.5512045872199277,0.9198172790502196,-0.3923470060554182,-0.179644883710313,0.9837315262594303
2020-08-26,3.0,3.0,-0.7293564548831709,-0.728577574347037,1.0345209998668654,-0.944191579638377,-0.8247650844733614,-0.5654755126737576,0.9327689179559782,-0.3604748891327019,-0.23015087970124354,0.973154958150419
2020-08-25,4.0,4.0,-0.5966743927062649,-0.588770569789296,1.0668798767943712,-0.6659035351133816,-0.8149159841660791,-0.5795791048257612,0.9446165532223606,-0.3281761224987386,-0.2800440484743445,0.9599871514317777
2020-08-24,18.0,18.0,1.26087447777042,1.3685274940190781,1.1154181921856299,0.6243410349570513,-0.8048257371083452,-0.593511190196115,0.9553461622632788,-0.29548893422398215,-0.3291915385199954,0.9442631682782286
2020-08-23,12.0,12.0,0.46478210470898357,0.5296854666726322,1.1801359460406413,0.47254755612523563,-0.7944973291665992,-0.6072676460566135,0.9649450457625344,-0.2624520121057191,-0.3774624838618108,0.9260248772451376
2020-08-22,15.0,15.0,0.8628282912397017,0.9491064803458552,1.45518639992444,0.6749388612343232,-0.7839338166829201,-0.620844401650647,0.973401842704431,-0.22910445787810024,-0.4247283525160176,0.9053208417842977
2020-08-21,21.0,21.0,1.658920664301138,1.7879485076923012,2.1994405692570727,1.3327106028388576,-0.7731383255706026,-0.6342374393978054,0.9807065438204117,-0.1954857409322303,-0.4708632887360563,0.8822061909330864
2020-08-20,13.0,13.0,0.5974641668858897,0.6694924712303731,2.1994405692570727,-0.10932744606339098,-0.7621140503891487,-0.6474427960827475,0.9868505034357966,-0.16163565160110782,-0.5157444481311303,0.8567424725213031
2020-08-19,21.0,21.0,1.658920664301138,1.7879485076923012,1.875851799982015,1.231514950284314,-0.7508642533989489,-0.6604565640279754,0.9918264497026016,-0.12759425406472188,-0.5592523247663436,0.828997489286572
2020-08-18,21.0,21.0,1.658920664301138,1.7879485076923012,1.3904686460694287,1.1050203845911342,-0.7393922635959241,-0.673274892250183,0.9956284932063294,-0.09340183893100905,-0.6012710693734842,0.7990451183346701
2020-08-17,12.0,12.0,0.46478210470898357,0.5296854666726322,1.4390069614606873,-0.38761549058838635,-0.7277014757264236,-0.6858939875998223,0.9982521339365441,-0.0590988755488295,-0.641688797825113,0.7669651144255266
2020-08-16,17.0,17.0,1.128192415593514,1.2287204894613373,2.0538256230832967,0.27015625101614815,-0.7157953492826642,-0.6983101158835584,0.9996942666129788,-0.024725964109382385,-0.6803978890506108,0.7328428976086707
2020-08-15,16.0,16.0,0.9955103534166078,1.0889134849035962,1.989107869228285,-0.008131793508847216,-0.7036774074790128,-0.7105196029692745,0.999953184360873,0.009676212407230897,-0.717295271600886,0.6967693257736101
2020-08-14,16.0,16.0,0.9955103534166078,1.0889134849035962,2.005287307692038,0.11836277218433248,-0.6913512362094071,-0.722518835873311,0.9990285807311906,0.044066936383449135,-0.7522826980987246,0.6588404527207655
2020-08-13,20.0,20.0,1.526238602124232,1.6481415031345603,2.425952707749613,1.155618210868406,-0.6788204829862355,-0.734304263829602,0.9969215500633253,0.07840550375666766,-0.7852670068439961,0.6191572723971441
2020-08-12,21.0,21.0,1.658920664301138,1.7879485076923012,2.6201059693146473,1.7121942999183968,-0.666088855860977,-0.7458723993404063,0.993634586189866,0.11265127219562909,-0.8161603698771164,0.5778254499778013
2020-08-11,21.0,21.0,1.658920664301138,1.7879485076923012,2.5068499000683775,1.0544225583138622,-0.65316012232693,-0.7572198192083127,0.9891715794849547,0.14676370920373963,-0.8448805268402667,0.5349550405091192
2020-08-10,24.0,24.0,2.056966850831856,2.2073695213655244,2.393593830822107,1.636297560502489,-0.6400381082043503,-0.7683431655492202,0.9835378122597296,0.18070244009239297,-0.8713510040136405,0.49066019586310516
2020-08-09,21.0,21.0,1.658920664301138,1.7879485076923012,2.40977326928586,1.13031929772977,-0.6267266965083301,-0.7792391467859886,0.9767399525103048,0.21442729576751102,-0.895501317943504,0.44505886078298396
2020-08-08,22.0,22.0,1.791602726478044,1.9277555122500423,2.5068499000683775,1.8892866918888482,-0.6132298262997502,-0.7899045386224707,0.968786046025684,0.24789836027275647,-0.9172671631198612,0.39827245882943246
2020-08-07,25.0,25.0,2.189648913008762,2.3471765259232655,2.377414392358354,2.3446671283842955,-0.5995514915196489,-0.8003361849976323,0.9596855068649522,0.2810760180331286,-0.936590583203982,0.3504255690637097
2020-08-06,23.0,23.0,1.9242847886549501,2.0675625168077834,1.9243901153732736,2.2434714758297516,-0.5856957398073508,-0.8105309990194823,0.9494491062150135,0.31392100074304014,-0.953420125349868,0.3016455943285796
2020-08-05,27.0,27.0,2.455013037362574,2.6267905350387473,1.730236853808239,2.2687703889683872,-0.5716666713027052,-0.8204859638785327,0.9380889596420647,0.3463944338433696,-0.9677109772087535,0.25206242201026163
2020-08-04,27.0,27.0,2.455013037362574,2.6267905350387473,1.1154181921856299,1.8133899524729404,-0.5574684374327892,-0.8301981337405212,0.9256185127518922,0.3784578825324888,-0.9794250862518065,0.201808078184798
2020-08-03,12.0,12.0,0.46478210470898357,0.5296854666726322,0.953623807548101,-0.46351223000429415,-0.5431052396834317,-0.8396646346181327,0.912052525275964,0.41007339725680436,-0.9885312610933433,0.15101637606963153
2020-08-02,20.0,20.0,1.526238602124232,1.6481415031345603,1.1801359460406413,1.2821127765615858,-0.5285813283559292,-0.8488826652214553,0.8974070536021568,0.44120355862696276,-0.9950052545447352,0.09982255971656227
2020-08-01,13.0,13.0,0.5974641668858897,0.6694924712303731,1.730236853808239,0.1942595116002403,-0.5139010013093103,-0.8578494977869301,0.8816994317707848,0.4718115217065765,-0.9988298281778684,0.04836294389478229
2020-07-31,26.0,18.0,2.3223309751856682,1.3685274940190781,2.150902253865814,2.4205638678002033,-0.4990686026885319,-0.8665624788845385,0.8649482509584342,0.5018610596210326,-0.9999947982262414,-0.003225448877108172
2020-07-30,23.0,23.0,1.9242847886549501,2.0675625168077834,1.3095714537506642,1.8892866918888482,-0.48408852163897587,-0.8750190302029955,0.847173337473877,0.5313166064347815,-0.9984970627014779,-0.054805253183622435
2020-07-29,15.0,15.0,0.8628282912397017,0.9491064803458552,0.9698032460118539,1.13031929772977,-0.46896519100763184,-0.8832166493127127,0.8283957292921138,0.5601432992463508,-0.9943406096530518,-0.10623912647794741
2020-07-28,16.0,16.0,0.9955103534166078,1.0889134849035962,1.2286742614319,0.776134513788867,-0.45370308603134424,-0.8911529104063088,0.8086376511543126,0.5883070194512693,-0.9875365065492301,-0.15739011478661072
2020-07-27,7.0,7.0,-0.19862820617554672,-0.16934955611607294,1.2772125768231586,-0.6153057088361098,-0.4383067230125192,-0.898825465016444,0.7879224882631226,0.6157744331240536,-0.9781028708075101,-0.20812201737948605
2020-07-26,23.0,23.0,1.9242847886549501,2.0675625168077834,1.2933920152869114,1.7880910393343046,-0.4227806579826773,-0.9062320427107697,0.7662747586044899,0.6425130304714689,-0.9660648215530205,-0.25829974943412287
2020-07-25,6.0,6.0,-0.33131026835245275,-0.309156560673814,1.34193033067817,-0.6406046219747458,-0.4071294853542516,-0.9133704517637858,0.7437200839287408,0.6684911643103645,-0.9514544127333381,-0.307789701728727
2020-07-24,13.0,13.0,0.5974641668858897,0.6694924712303731,1.3257508922144172,-0.10932744606339098,-0.3913578365610259,-0.9202385798054075,0.7202851594252706,0.6936780875245466,-0.9343105477678197,-0.3564600964060307
2020-07-23,15.0,15.0,0.8628282912397017,0.9491064803458552,1.2933920152869114,-0.3117187511724785,-0.3754703786876202,-0.9268343944460494,0.6959977221267386,0.7180439894563503,-0.9146788759587107,-0.4041813378607547
2020-07-22,17.0,17.0,1.128192415593514,1.2287204894613373,0.8241882998380781,0.42194972984796375,-0.3594718130884232,-0.9331559438780432,0.6708865180801582,0.7415600311898435,-0.8926116709398649,-0.45082635781633507
2020-07-21,26.0,17.666666666666668,2.3223309751856682,1.321925159166498,0.9698032460118539,2.445862780938839,-0.34336687399638804,-0.939201357453208,0.6449812683237445,0.7641983796838971,-0.8681676914867166,-0.4962709536721097
2020-07-20,26.0,18.333333333333332,2.3223309751856682,1.4151298288716585,1.0507004383306182,2.041080170720664,-0.3271603271220951,-0.9449688462364056,0.6183126337097825,0.7859322407147274,-0.8414120250581577,-0.5403941192199728
2020-07-19,19.0,19.0,1.393556539947326,1.5083344985768192,1.34193033067817,0.017167119629788726,-0.3108569682435036,-0.9504567035349151,0.5909121786151564,0.8067358905889147,-0.81241591448689,-0.5830783668499718
2020-07-18,18.0,18.0,1.26087447777042,1.3685274940190781,1.616980784561969,1.0291236451752264,-0.2944616217868012,-0.9556633054034704,0.5628123335824821,0.8265847065893737,-0.7812565682797488,-0.6242100403868479
2020-07-17,17.0,17.0,1.128192415593514,1.2287204894613373,1.4390069614606873,-0.15992527234066287,-0.2779791393987801,-0.9605871111248129,0.5340463569360717,0.8454551961182272,-0.7480169550331223,-0.6636796177245282
2020-07-16,12.0,12.0,0.46478210470898357,0.5296854666726322,1.0507004383306182,-0.8429959270838333,-0.2614143985111562,-0.965226663665613,0.5046482954181526,0.8633250245021008,-0.7127855825108473,-0.7013820024527804
2020-07-15,27.0,8.0,2.455013037362574,-0.02954255155833192,0.9374443690843481,1.610998647363853,-0.24477230089725957,-0.9695805901076308,0.47465294389193496,0.8801730414269229,-0.6756562619728733,-0.7372168036994572
2020-07-14,4.0,4.0,-0.5966743927062649,-0.588770569789296,0.9212649306205953,-0.7670991876679254,-0.2280577712215198,-0.9736476020539838,0.4440958041592176,0.8959793059709459,-0.636727858382198,-0.7710886034432227
2020-07-13,27.0,6.0,2.455013037362574,-0.309156560673814,1.2772125768231586,2.445862780938839,-0.2112757555821793,-0.9774264960104055,0.4130130429412807,0.9107251102063585,-0.5961040271552034,-0.8029072105849769
2020-07-12,25.0,8.0,2.189648913008762,-0.02954255155833192,0.9212649306205953,1.9651834313047563,-0.19443122004766195,-0.9809161537413774,0.3814414490727919,0.9243930013415553,-0.5538929381563792,-0.8325879011014353
2020-07-11,25.0,10.0,2.189648913008762,0.2500714575571501,0.7918294229105722,2.3446671283842955,-0.17752914918703497,-0.984115542601034,0.34941838995939767,0.9369668023778549,-0.5102069876723092,-0.8600516436414433
2020-07-10,12.0,12.0,0.46478210470898357,0.5296854666726322,0.7109322305918079,-0.08402853292475504,-0.16057454459499376,-0.9870237158387383,0.31698176735052785,0.9484316312562208,-0.46516249913190355,-0.8852253099642835
2020-07-09,4.0,4.0,-0.5966743927062649,-0.588770569789296,1.0507004383306182,-1.1971807110247363,-0.1435724234118113,-0.9896398128792412,0.2841699724797683,0.9587739184713191,-0.4188794133697427,-0.908041869659665
2020-07-08,4.0,4.0,-0.5966743927062649,-0.588770569789296,0.6623939152005492,-1.1971807110247363,-0.12652781683868314,-0.9919630595773397,0.2510218406258827,0.9679814231320734,-0.37148096925728835,-0.9284405686308982
2020-07-07,19.0,19.0,1.393556539947326,1.5083344985768192,0.6462144767367964,0.042466032768424665,-0.10944576864891556,-0.993992768446958,0.21757660514828173,0.9760432474496961,-0.3230933755523461,-0.9463670908660078
2020-07-06,17.0,17.0,1.128192415593514,1.2287204894613373,0.8080088613743251,0.8773301663434107,-0.09233133369539122,-0.9957283388645872,0.18387385105132759,0.9829498496360606,-0.2738454748405547,-0.9617737030660337
2020-07-05,17.0,17.0,1.128192415593514,1.2287204894613373,1.3095714537506642,0.14366168532296844,-0.07518957641475855,-0.9971692572470178,0.14995346813244534,0.9886930551971383,-0.22386840046373077,-0.9746193817454127
2020-07-04,3.0,3.0,-0.7293564548831709,-0.728577574347037,1.083059315258124,-1.1971807110247363,-0.05802556932878035,-0.9983150972033183,0.11585560376947847,0.9932660666081418,-0.17329522734857217,-0.9848699224660111
2020-07-03,19.0,19.0,1.393556539947326,1.5083344985768192,1.1963153845043941,0.5231453824025075,-0.04084439154329611,-0.9991655196610109,0.08162061540319052,0.9966634713589159,-0.12226061766546593,-0.9924980309139453
2020-07-02,18.0,18.0,1.26087447777042,1.3685274940190781,1.1315976306493827,0.34605299043205595,-0.023651127245231586,-0.9997202729664083,0.04728902277113235,0.9988812483600598,-0.07090046226091157,-0.9974833955766828
2020-07-01,14.0,14.0,0.7301462290627957,0.8092994757881141,1.2448536998956528,0.11836277218433248,-0.00645086419810515,-0.9999791929590823,0.012901459949419653,0.9999167727021953,-0.01935151881832447,-0.9998127418269003
2020-06-30,9.0,9.0,0.0667359181782654,0.1102644529994091,0.9374443690843481,-0.9188926664997411,0.01075130776352193,-0.9999422030204416,-0.021501372740813793,0.999768818762748,0.0322489522893041,-0.9994798672690922
2020-06-29,10.0,10.0,0.19941798035517144,0.2500714575571501,0.9698032460118539,0.0677649459070606,0.02795029824021032,-0.999609314096404,-0.05587875690537313,0.9984375616565666,0.08376355348526826,-0.9964856582548093
2020-06-28,17.0,17.0,1.128192415593514,1.2287204894613373,1.2448536998956528,1.3074116897002217,0.04514101777397193,-0.9989806246941579,-0.09019000427034513,0.9959245770286599,0.13505511584034569,-0.9908380875225532
